Modell,Datensatz,Backend,Accuracy,F1,Trainingszeit_s,Inferenzzeit_s,Feature Map,Reps
Quantum Kernel SVM,"Iris (2 Klassen, 2 Features)",AerSimulator,0.65,0.5882,16.8214,8.94,ZZFeatureMap,2.0
Klassischer SVM (RBF),"Iris (2 Klassen, 2 Features)",lokal,1.0,1.0,0.0037,0.0008,,
Quantum Kernel SVM,"Iris (3 Klassen, 2 Features)",AerSimulator,0.6667,0.6453,37.3539,18.7609,ZZFeatureMap,2.0
Klassischer SVM (RBF),"Iris (3 Klassen, 2 Features)",lokal,0.9,0.8992,0.0045,0.0011,,
MLP,"Iris (3 Klassen, 2 Features)",lokal,0.8333,0.8321,0.9989,0.0012,"(64, 32)",
VQC (RealAmplitudes),"Iris (3 Klassen, 2 Features)",AerSimulator,0.4,0.3196,39.08,0.34
VQC (RealAmplitudes); mehr Interationen 2x -> 300,"Iris (3 Klassen, 2 Features)",AerSimulator,0.3111,0.2476,44.91,0.35
VQC (RealAmplitudes); Optimizer: SPSA; 300 Iterations,"Iris (3 Klassen, 2 Features)",AerSimulator,0.5333,0.4222,489.55,0.37
VQC (RealAmplitudes); Optimizer: SPSA; 150 Iterations,"Iris (3 Klassen, 2 Features)",AerSimulator,0.5111,0.4099,263.48,0.38
