timestamp,lauf,datensatz,n_train_soll,n_train_actual,n_test,feature_map,feature_map_reps,ansatz_reps,entanglement,shots,optimization_level,optimizer,max_iter,n_params,circ_depth,gate_count,modell,accuracy,f1_score,precision,recall,t_transpile_s,t_train_s,t_infer_s,t_gesamt_s,status
2026-05-10T12:18:33.528837,1,Iris,30,30,45,ZZFeatureMap,1,1,linear,128,1,COBYLA,50,4,29,41,VQC (RealAmplitudes),0.3333,0.2673,0.2254,0.3333,0.0074,270.9841,8.7428,279.7343,OK
2026-05-10T12:24:26.616258,2,Iris,30,30,45,ZZFeatureMap,1,1,linear,1024,1,COBYLA,50,4,29,41,VQC (RealAmplitudes),0.3333,0.267,0.2227,0.3333,0.0039,345.2133,7.7561,352.9733,OK
2026-05-10T12:29:32.823552,3,Iris,30,30,45,ZZFeatureMap,1,1,full,128,1,COBYLA,50,4,29,41,VQC (RealAmplitudes),0.4222,0.3425,0.2955,0.4222,0.0039,297.7346,8.3641,306.1026,OK
2026-05-10T12:36:22.959648,4,Iris,30,30,45,ZZFeatureMap,1,1,full,1024,1,COBYLA,50,4,29,41,VQC (RealAmplitudes),0.3778,0.3024,0.2533,0.3778,0.0039,401.1049,8.9249,410.0337,OK
2026-05-10T12:43:12.290602,5,Iris,30,30,45,ZZFeatureMap,1,2,linear,128,1,COBYLA,50,6,36,52,VQC (RealAmplitudes),0.3778,0.3034,0.254,0.3778,0.004,400.2284,8.9929,409.2253,OK
2026-05-10T12:50:03.817932,6,Iris,30,30,45,ZZFeatureMap,1,2,linear,1024,1,COBYLA,50,6,36,52,VQC (RealAmplitudes),0.3556,0.284,0.2365,0.3556,0.0039,403.7679,7.6527,411.4245,OK
2026-05-10T12:56:54.623510,7,Iris,30,30,45,ZZFeatureMap,1,2,full,128,1,COBYLA,50,6,36,52,VQC (RealAmplitudes),0.3778,0.3025,0.2523,0.3778,0.0039,401.6589,9.04,410.7028,OK
2026-05-10T13:03:42.595902,8,Iris,30,30,45,ZZFeatureMap,1,2,full,1024,1,COBYLA,50,6,36,52,VQC (RealAmplitudes),0.3556,0.2741,0.2333,0.3556,0.0043,400.0996,7.7668,407.8707,OK
2026-05-10T13:09:27.495664,9,Iris,30,30,45,ZZFeatureMap,2,1,linear,128,1,COBYLA,50,4,42,58,VQC (RealAmplitudes),0.3556,0.2805,0.2399,0.3556,0.0041,335.6748,9.1193,344.7982,OK
2026-05-10T13:15:31.376749,10,Iris,30,30,45,ZZFeatureMap,2,1,linear,1024,1,COBYLA,50,4,42,58,VQC (RealAmplitudes),0.4222,0.3319,0.2801,0.4222,0.0041,355.8049,7.9699,363.7789,OK
2026-05-10T13:21:24.750144,11,Iris,30,30,45,ZZFeatureMap,2,1,full,128,1,COBYLA,50,4,42,58,VQC (RealAmplitudes),0.3556,0.2854,0.2444,0.3556,0.0041,345.5997,7.6667,353.2705,OK
2026-05-10T13:26:40.349420,12,Iris,30,30,45,ZZFeatureMap,2,1,full,1024,1,COBYLA,50,4,42,58,VQC (RealAmplitudes),0.4667,0.3761,0.3155,0.4667,0.004,307.8028,7.6903,315.4971,OK
2026-05-10T13:33:32.689032,13,Iris,30,30,45,ZZFeatureMap,2,2,linear,128,1,COBYLA,50,6,49,69,VQC (RealAmplitudes),0.3333,0.269,0.2267,0.3333,0.004,403.2718,8.9616,412.2374,OK
2026-05-10T13:40:26.263395,14,Iris,30,30,45,ZZFeatureMap,2,2,linear,1024,1,COBYLA,50,6,49,69,VQC (RealAmplitudes),0.3778,0.3062,0.264,0.3778,0.004,404.4044,9.0659,413.4743,OK
2026-05-10T13:47:18.354594,15,Iris,30,30,45,ZZFeatureMap,2,2,full,128,1,COBYLA,50,6,49,69,VQC (RealAmplitudes),0.4,0.319,0.2667,0.4,0.0041,404.1442,7.8409,411.9892,OK
2026-05-10T13:54:12.468741,16,Iris,30,30,45,ZZFeatureMap,2,2,full,1024,1,COBYLA,50,6,49,69,VQC (RealAmplitudes),0.4222,0.3391,0.2861,0.4222,0.0042,406.256,7.7517,414.0119,OK
2026-05-10T14:00:23.213220,17,Iris,30,30,45,PauliFeatureMap,1,1,linear,128,1,COBYLA,50,4,29,41,VQC (RealAmplitudes),0.3778,0.3048,0.2567,0.3778,0.0039,362.8137,7.8229,370.6405,OK
2026-05-10T14:05:27.784154,18,Iris,30,30,45,PauliFeatureMap,1,1,linear,1024,1,COBYLA,50,4,29,41,VQC (RealAmplitudes),0.4222,0.3405,0.2901,0.4222,0.0038,295.588,8.8797,304.4715,OK
2026-05-10T14:10:15.926244,19,Iris,30,30,45,PauliFeatureMap,1,1,full,128,1,COBYLA,50,4,29,41,VQC (RealAmplitudes),0.4222,0.3405,0.2901,0.4222,0.0041,280.4802,7.5577,288.042,OK
2026-05-10T14:15:06.679378,20,Iris,30,30,45,PauliFeatureMap,1,1,full,1024,1,COBYLA,50,4,29,41,VQC (RealAmplitudes),0.3778,0.2957,0.2514,0.3778,0.0038,282.5894,8.0597,290.6529,OK
2026-05-10T14:21:55.339552,21,Iris,30,30,45,PauliFeatureMap,1,2,linear,128,1,COBYLA,50,6,36,52,VQC (RealAmplitudes),0.4222,0.3391,0.2861,0.4222,0.0043,399.6426,8.9115,408.5584,OK
2026-05-10T14:28:45.992582,22,Iris,30,30,45,PauliFeatureMap,1,2,linear,1024,1,COBYLA,50,6,36,52,VQC (RealAmplitudes),0.4,0.3203,0.2716,0.4,0.004,402.9328,7.6136,410.5504,OK
2026-05-10T14:35:37.209537,23,Iris,30,30,45,PauliFeatureMap,1,2,full,128,1,COBYLA,50,6,36,52,VQC (RealAmplitudes),0.4222,0.339,0.2837,0.4222,0.0039,403.37,7.7399,411.1138,OK
2026-05-10T14:42:28.790945,24,Iris,30,30,45,PauliFeatureMap,1,2,full,1024,1,COBYLA,50,6,36,52,VQC (RealAmplitudes),0.3556,0.2857,0.24,0.3556,0.0042,402.655,8.8207,411.4799,OK
2026-05-10T14:48:39.907184,25,Iris,30,30,45,PauliFeatureMap,2,1,linear,128,1,COBYLA,50,4,42,58,VQC (RealAmplitudes),0.3111,0.249,0.2129,0.3111,0.004,361.9784,9.0277,371.0101,OK
2026-05-10T14:54:05.054096,26,Iris,30,30,45,PauliFeatureMap,2,1,linear,1024,1,COBYLA,50,4,42,58,VQC (RealAmplitudes),0.4,0.3185,0.2778,0.4,0.004,315.5998,9.4413,325.0451,OK
2026-05-10T15:00:40.540943,27,Iris,30,30,45,PauliFeatureMap,2,1,full,128,1,COBYLA,50,4,42,58,VQC (RealAmplitudes),0.3333,0.2654,0.2284,0.3333,0.004,386.243,9.1385,395.3855,OK
2026-05-10T15:06:08.992636,28,Iris,30,30,45,PauliFeatureMap,2,1,full,1024,1,COBYLA,50,4,42,58,VQC (RealAmplitudes),0.4222,0.3357,0.28,0.4222,0.004,320.7692,7.5751,328.3483,OK
2026-05-10T15:13:02.363815,29,Iris,30,30,45,PauliFeatureMap,2,2,linear,128,1,COBYLA,50,6,49,69,VQC (RealAmplitudes),0.4667,0.3682,0.3116,0.4667,0.004,405.4905,7.7761,413.2706,OK
2026-05-10T15:19:52.891813,30,Iris,30,30,45,PauliFeatureMap,2,2,linear,1024,1,COBYLA,50,6,49,69,VQC (RealAmplitudes),0.4,0.3205,0.2675,0.4,0.004,402.6495,7.7735,410.427,OK
2026-05-10T15:26:44.546632,31,Iris,30,30,45,PauliFeatureMap,2,2,full,128,1,COBYLA,50,6,49,69,VQC (RealAmplitudes),0.4,0.3228,0.2733,0.4,0.004,402.7398,8.8086,411.5524,OK
2026-05-10T15:33:37.066333,32,Iris,30,30,45,PauliFeatureMap,2,2,full,1024,1,COBYLA,50,6,49,69,VQC (RealAmplitudes),0.4,0.3247,0.2778,0.4,0.0041,404.412,8.0023,412.4184,OK
2026-05-10T15:39:14.167503,33,Iris,30,30,45,ZZFeatureMap,1,1,linear,128,1,COBYLA,50,4,29,41,VQC (RealAmplitudes),0.4444,0.3571,0.3,0.4444,0.0039,329.13,7.8514,336.9853,OK
2026-05-10T15:45:32.988515,34,Iris,30,30,45,ZZFeatureMap,1,1,linear,256,1,COBYLA,50,4,29,41,VQC (RealAmplitudes),0.3778,0.3048,0.2567,0.3778,0.0039,370.8616,7.8528,378.7183,OK
2026-05-10T15:52:02.938096,35,Iris,30,30,45,ZZFeatureMap,1,1,linear,512,1,COBYLA,50,4,29,41,VQC (RealAmplitudes),0.3333,0.2707,0.2301,0.3333,0.0038,380.8153,9.0298,389.8489,OK
2026-05-10T15:57:15.264900,36,Iris,30,30,45,ZZFeatureMap,1,1,linear,1024,1,COBYLA,50,4,29,41,VQC (RealAmplitudes),0.4222,0.3385,0.2826,0.4222,0.0038,303.2384,8.9835,312.2257,OK
2026-05-10T16:02:53.773056,37,Iris,30,30,45,ZZFeatureMap,1,1,circular,128,1,COBYLA,50,4,29,41,VQC (RealAmplitudes),0.3111,0.25,0.21,0.3111,0.0038,330.5401,7.8624,338.4063,OK
2026-05-10T16:09:03.128060,38,Iris,30,30,45,ZZFeatureMap,1,1,circular,256,1,COBYLA,50,4,29,41,VQC (RealAmplitudes),0.3556,0.2869,0.2493,0.3556,0.0038,361.3528,7.8961,369.2527,OK
2026-05-10T16:13:52.880768,39,Iris,30,30,45,ZZFeatureMap,1,1,circular,512,1,COBYLA,50,4,29,41,VQC (RealAmplitudes),0.4,0.3161,0.2638,0.4,0.0038,280.611,9.0311,289.6459,OK
2026-05-10T16:19:32.257882,40,Iris,30,30,45,ZZFeatureMap,1,1,circular,1024,1,COBYLA,50,4,29,41,VQC (RealAmplitudes),0.4,0.3219,0.2698,0.4,0.0039,330.3442,8.9289,339.277,OK
2026-05-10T16:25:41.576418,41,Iris,30,30,45,ZZFeatureMap,1,1,full,128,1,COBYLA,50,4,29,41,VQC (RealAmplitudes),0.3556,0.285,0.2378,0.3556,0.0038,361.3332,7.8802,369.2172,OK
2026-05-10T16:30:55.218220,42,Iris,30,30,45,ZZFeatureMap,1,1,full,256,1,COBYLA,50,4,29,41,VQC (RealAmplitudes),0.3556,0.2863,0.2401,0.3556,0.0039,305.8447,7.6925,313.5411,OK
2026-05-10T16:36:18.437010,43,Iris,30,30,45,ZZFeatureMap,1,1,full,512,1,COBYLA,50,4,29,41,VQC (RealAmplitudes),0.4222,0.3405,0.2901,0.4222,0.0038,315.412,7.7022,323.118,OK
2026-05-10T16:42:03.295152,44,Iris,30,30,45,ZZFeatureMap,1,1,full,1024,1,COBYLA,50,4,29,41,VQC (RealAmplitudes),0.4222,0.339,0.2837,0.4222,0.0038,335.8132,8.9411,344.7581,OK
2026-05-10T16:48:49.314957,45,Iris,30,30,45,ZZFeatureMap,1,2,linear,128,1,COBYLA,50,6,36,52,VQC (RealAmplitudes),0.3556,0.285,0.2378,0.3556,0.0039,397.0794,8.8329,405.9162,OK
2026-05-10T16:55:21.784581,46,Iris,30,30,45,ZZFeatureMap,1,2,linear,256,1,COBYLA,50,6,36,52,VQC (RealAmplitudes),0.3778,0.3034,0.254,0.3778,0.0039,383.5775,8.786,392.3674,OK
2026-05-10T17:02:07.865227,47,Iris,30,30,45,ZZFeatureMap,1,2,linear,512,1,COBYLA,50,6,36,52,VQC (RealAmplitudes),0.3778,0.3034,0.254,0.3778,0.0039,398.3503,7.6245,405.9787,OK
2026-05-10T17:08:55.816289,48,Iris,30,30,45,ZZFeatureMap,1,2,linear,1024,1,COBYLA,50,6,36,52,VQC (RealAmplitudes),0.4222,0.3451,0.3024,0.4222,0.0039,400.0084,7.8361,407.8484,OK
2026-05-10T17:15:26.421384,49,Iris,30,30,45,ZZFeatureMap,1,2,circular,128,1,COBYLA,50,6,36,52,VQC (RealAmplitudes),0.3778,0.3034,0.254,0.3778,0.0038,382.629,7.8687,390.5015,OK
2026-05-10T17:22:14.039314,50,Iris,30,30,45,ZZFeatureMap,1,2,circular,256,1,COBYLA,50,6,36,52,VQC (RealAmplitudes),0.4,0.3205,0.2675,0.4,0.0039,398.5155,8.997,407.5164,OK
2026-05-10T17:29:00.487517,51,Iris,30,30,45,ZZFeatureMap,1,2,circular,512,1,COBYLA,50,6,36,52,VQC (RealAmplitudes),0.3778,0.3034,0.254,0.3778,0.004,397.3792,8.963,406.3462,OK
2026-05-10T17:35:47.210608,52,Iris,30,30,45,ZZFeatureMap,1,2,circular,1024,1,COBYLA,50,6,36,52,VQC (RealAmplitudes),0.3778,0.2955,0.2486,0.3778,0.004,397.3565,9.2614,406.6219,OK
2026-05-10T17:42:36.484379,53,Iris,30,30,45,ZZFeatureMap,1,2,full,128,1,COBYLA,50,6,36,52,VQC (RealAmplitudes),0.4,0.3205,0.2675,0.4,0.0039,401.3072,7.8595,409.1706,OK
2026-05-10T17:49:23.171951,54,Iris,30,30,45,ZZFeatureMap,1,2,full,256,1,COBYLA,50,6,36,52,VQC (RealAmplitudes),0.3556,0.284,0.2365,0.3556,0.0039,397.321,9.2608,406.5857,OK
2026-05-10T17:56:11.406960,55,Iris,30,30,45,ZZFeatureMap,1,2,full,512,1,COBYLA,50,6,36,52,VQC (RealAmplitudes),0.4,0.3214,0.27,0.4,0.0039,399.1516,8.9768,408.1323,OK
2026-05-10T18:02:59.499110,56,Iris,30,30,45,ZZFeatureMap,1,2,full,1024,1,COBYLA,50,6,36,52,VQC (RealAmplitudes),0.2889,0.2319,0.1937,0.2889,0.0039,399.0129,8.9728,407.9896,OK
2026-05-10T18:08:48.722790,57,Iris,30,30,45,ZZFeatureMap,2,1,linear,128,1,COBYLA,50,4,42,58,VQC (RealAmplitudes),0.3333,0.2654,0.2284,0.3333,0.0042,341.4929,7.6231,349.1202,OK
2026-05-10T18:14:43.113829,58,Iris,30,30,45,ZZFeatureMap,2,1,linear,256,1,COBYLA,50,4,42,58,VQC (RealAmplitudes),0.4444,0.3511,0.3149,0.4444,0.0039,346.5142,7.7705,354.2886,OK
2026-05-10T18:20:34.790575,59,Iris,30,30,45,ZZFeatureMap,2,1,linear,512,1,COBYLA,50,4,42,58,VQC (RealAmplitudes),0.4222,0.3324,0.2838,0.4222,0.004,343.7406,7.8304,351.575,OK
2026-05-10T18:25:47.150825,60,Iris,30,30,45,ZZFeatureMap,2,1,linear,1024,1,COBYLA,50,4,42,58,VQC (RealAmplitudes),0.4667,0.3673,0.3359,0.4667,0.004,304.1978,8.0561,312.2579,OK
2026-05-10T18:32:24.967232,61,Iris,30,30,45,ZZFeatureMap,2,1,circular,128,1,COBYLA,50,4,42,58,VQC (RealAmplitudes),0.3333,0.2654,0.2284,0.3333,0.004,389.8694,7.8404,397.7138,OK
2026-05-10T18:38:15.649211,62,Iris,30,30,45,ZZFeatureMap,2,1,circular,256,1,COBYLA,50,4,42,58,VQC (RealAmplitudes),0.3556,0.2854,0.2444,0.3556,0.0041,341.5272,9.0482,350.5795,OK
2026-05-10T18:45:04.016831,63,Iris,30,30,45,ZZFeatureMap,2,1,circular,512,1,COBYLA,50,4,42,58,VQC (RealAmplitudes),0.3556,0.2815,0.2444,0.3556,0.004,400.6109,7.6507,408.2656,OK
2026-05-10T18:50:14.638483,64,Iris,30,30,45,ZZFeatureMap,2,1,circular,1024,1,COBYLA,50,4,42,58,VQC (RealAmplitudes),0.4222,0.3376,0.2813,0.4222,0.0041,302.8833,7.6317,310.5191,OK
2026-05-10T18:55:01.466576,65,Iris,30,30,45,ZZFeatureMap,2,1,full,128,1,COBYLA,50,4,42,58,VQC (RealAmplitudes),0.4444,0.3564,0.3025,0.4444,0.0041,278.7565,7.9641,286.7247,OK
2026-05-10T19:01:09.903165,66,Iris,30,30,45,ZZFeatureMap,2,1,full,256,1,COBYLA,50,4,42,58,VQC (RealAmplitudes),0.4667,0.3754,0.3254,0.4667,0.004,360.2321,8.095,368.3311,OK
2026-05-10T19:06:54.240314,67,Iris,30,30,45,ZZFeatureMap,2,1,full,512,1,COBYLA,50,4,42,58,VQC (RealAmplitudes),0.4222,0.3407,0.3,0.4222,0.005,336.3347,7.8748,344.2145,OK
2026-05-10T19:13:02.196657,68,Iris,30,30,45,ZZFeatureMap,2,1,full,1024,1,COBYLA,50,4,42,58,VQC (RealAmplitudes),0.3778,0.3045,0.2593,0.3778,0.004,360.0945,7.7556,367.8541,OK
2026-05-10T19:19:51.653349,69,Iris,30,30,45,ZZFeatureMap,2,2,linear,128,1,COBYLA,50,6,49,69,VQC (RealAmplitudes),0.2889,0.2322,0.1944,0.2889,0.0041,400.2479,9.1027,409.3547,OK
2026-05-10T19:26:40.280386,70,Iris,30,30,45,ZZFeatureMap,2,2,linear,256,1,COBYLA,50,6,49,69,VQC (RealAmplitudes),0.3556,0.2857,0.24,0.3556,0.004,400.8581,7.6629,408.525,OK
2026-05-10T19:33:31.700249,71,Iris,30,30,45,ZZFeatureMap,2,2,linear,512,1,COBYLA,50,6,49,69,VQC (RealAmplitudes),0.3778,0.2989,0.2684,0.3778,0.0041,403.5488,7.758,411.3109,OK
2026-05-10T19:40:19.963378,72,Iris,30,30,45,ZZFeatureMap,2,2,linear,1024,1,COBYLA,50,6,49,69,VQC (RealAmplitudes),0.4222,0.3425,0.2955,0.4222,0.0041,400.3095,7.8468,408.1604,OK
2026-05-10T19:47:11.529074,73,Iris,30,30,45,ZZFeatureMap,2,2,circular,128,1,COBYLA,50,6,49,69,VQC (RealAmplitudes),0.3778,0.302,0.252,0.3778,0.0041,403.506,7.9513,411.4614,OK
2026-05-10T19:54:05.499948,74,Iris,30,30,45,ZZFeatureMap,2,2,circular,256,1,COBYLA,50,6,49,69,VQC (RealAmplitudes),0.3778,0.302,0.2516,0.3778,0.0041,405.9764,7.8881,413.8686,OK
2026-05-10T20:00:54.334923,75,Iris,30,30,45,ZZFeatureMap,2,2,circular,512,1,COBYLA,50,6,49,69,VQC (RealAmplitudes),0.3778,0.3,0.25,0.3778,0.004,400.886,7.84,408.73,OK
2026-05-10T20:07:41.386732,76,Iris,30,30,45,ZZFeatureMap,2,2,circular,1024,1,COBYLA,50,6,49,69,VQC (RealAmplitudes),0.3778,0.3034,0.254,0.3778,0.0041,397.9478,8.9976,406.9495,OK
2026-05-10T20:14:29.156700,77,Iris,30,30,45,ZZFeatureMap,2,2,full,128,1,COBYLA,50,6,49,69,VQC (RealAmplitudes),0.3111,0.2476,0.2067,0.3111,0.004,399.9888,7.6721,407.6649,OK
2026-05-10T20:21:18.238213,78,Iris,30,30,45,ZZFeatureMap,2,2,full,256,1,COBYLA,50,6,49,69,VQC (RealAmplitudes),0.3556,0.2854,0.2444,0.3556,0.0041,400.2972,8.6759,408.9772,OK
2026-05-10T20:28:09.299152,79,Iris,30,30,45,ZZFeatureMap,2,2,full,512,1,COBYLA,50,6,49,69,VQC (RealAmplitudes),0.4,0.3205,0.2679,0.4,0.0041,402.9876,7.9659,410.9576,OK
2026-05-10T20:34:56.367001,80,Iris,30,30,45,ZZFeatureMap,2,2,full,1024,1,COBYLA,50,6,49,69,VQC (RealAmplitudes),0.4222,0.3385,0.2826,0.4222,0.0043,399.2553,7.7025,406.9621,OK
2026-05-10T20:40:17.461217,81,Iris,30,30,45,PauliFeatureMap,1,1,linear,128,1,COBYLA,50,4,29,41,VQC (RealAmplitudes),0.4222,0.3376,0.2813,0.4222,0.0038,313.1199,7.8604,320.9841,OK
2026-05-10T20:45:47.530564,82,Iris,30,30,45,PauliFeatureMap,1,1,linear,256,1,COBYLA,50,4,29,41,VQC (RealAmplitudes),0.4222,0.3405,0.2867,0.4222,0.0038,322.2015,7.7617,329.967,OK
2026-05-10T20:51:11.445796,83,Iris,30,30,45,PauliFeatureMap,1,1,linear,512,1,COBYLA,50,4,29,41,VQC (RealAmplitudes),0.3333,0.2645,0.2248,0.3333,0.0038,314.8041,9.0006,323.8085,OK
2026-05-10T20:56:33.816881,84,Iris,30,30,45,PauliFeatureMap,1,1,linear,1024,1,COBYLA,50,4,29,41,VQC (RealAmplitudes),0.4444,0.3551,0.2958,0.4444,0.0038,314.5106,7.7506,322.265,OK
2026-05-10T21:02:05.152721,85,Iris,30,30,45,PauliFeatureMap,1,1,circular,128,1,COBYLA,50,4,29,41,VQC (RealAmplitudes),0.4,0.3203,0.2716,0.4,0.0039,323.5535,7.6756,331.233,OK
2026-05-10T21:07:55.059093,86,Iris,30,30,45,PauliFeatureMap,1,1,circular,256,1,COBYLA,50,4,29,41,VQC (RealAmplitudes),0.4222,0.339,0.2837,0.4222,0.0039,341.9046,7.8942,349.8027,OK
2026-05-10T21:13:58.039503,87,Iris,30,30,45,PauliFeatureMap,1,1,circular,512,1,COBYLA,50,4,29,41,VQC (RealAmplitudes),0.3778,0.302,0.2516,0.3778,0.0038,354.0538,8.8213,362.8789,OK
2026-05-10T21:19:04.233700,88,Iris,30,30,45,PauliFeatureMap,1,1,circular,1024,1,COBYLA,50,4,29,41,VQC (RealAmplitudes),0.3556,0.28,0.2367,0.3556,0.0039,298.3315,7.7564,306.0918,OK
2026-05-10T21:24:50.866815,89,Iris,30,30,45,PauliFeatureMap,1,1,full,128,1,COBYLA,50,4,29,41,VQC (RealAmplitudes),0.4,0.3228,0.2733,0.4,0.0038,338.7463,7.781,346.5311,OK
2026-05-10T21:30:43.616137,90,Iris,30,30,45,PauliFeatureMap,1,1,full,256,1,COBYLA,50,4,29,41,VQC (RealAmplitudes),0.4667,0.3736,0.3116,0.4667,0.0039,344.878,7.7602,352.6421,OK
2026-05-10T21:36:38.983179,91,Iris,30,30,45,PauliFeatureMap,1,1,full,512,1,COBYLA,50,4,29,41,VQC (RealAmplitudes),0.3556,0.2805,0.2399,0.3556,0.0039,347.4446,7.816,355.2645,OK
2026-05-10T21:41:45.160779,92,Iris,30,30,45,PauliFeatureMap,1,1,full,1024,1,COBYLA,50,4,29,41,VQC (RealAmplitudes),0.4444,0.3608,0.3086,0.4444,0.0039,298.3368,7.7346,306.0753,OK
2026-05-10T21:48:36.726056,93,Iris,30,30,45,PauliFeatureMap,1,2,linear,128,1,COBYLA,50,6,36,52,VQC (RealAmplitudes),0.3778,0.2955,0.2486,0.3778,0.0039,403.6262,7.8325,411.4626,OK
2026-05-10T21:55:28.134985,94,Iris,30,30,45,PauliFeatureMap,1,2,linear,256,1,COBYLA,50,6,36,52,VQC (RealAmplitudes),0.3556,0.2857,0.24,0.3556,0.0039,402.2786,9.0223,411.3048,OK
2026-05-10T22:02:03.470171,95,Iris,30,30,45,PauliFeatureMap,1,2,linear,512,1,COBYLA,50,6,36,52,VQC (RealAmplitudes),0.2889,0.2323,0.1975,0.2889,0.0039,387.4298,7.7975,395.2312,OK
2026-05-10T22:08:56.745130,96,Iris,30,30,45,PauliFeatureMap,1,2,linear,1024,1,COBYLA,50,6,36,52,VQC (RealAmplitudes),0.3778,0.3032,0.2557,0.3778,0.004,405.4,7.7679,413.1719,OK
2026-05-10T22:15:33.360398,97,Iris,30,30,45,PauliFeatureMap,1,2,circular,128,1,COBYLA,50,6,36,52,VQC (RealAmplitudes),0.3111,0.2485,0.2069,0.3111,0.0039,388.761,7.7475,396.5124,OK
2026-05-10T22:22:24.748436,98,Iris,30,30,45,PauliFeatureMap,1,2,circular,256,1,COBYLA,50,6,36,52,VQC (RealAmplitudes),0.3556,0.2854,0.2444,0.3556,0.0039,402.5606,8.7213,411.2858,OK
2026-05-10T22:29:14.653891,99,Iris,30,30,45,PauliFeatureMap,1,2,circular,512,1,COBYLA,50,6,36,52,VQC (RealAmplitudes),0.4,0.316,0.2654,0.4,0.0039,402.0205,7.7783,409.8027,OK
2026-05-10T22:35:42.510813,100,Iris,30,30,45,PauliFeatureMap,1,2,circular,1024,1,COBYLA,50,6,36,52,VQC (RealAmplitudes),0.4,0.3214,0.27,0.4,0.004,378.6315,9.1189,387.7544,OK
2026-05-10T22:42:34.827197,101,Iris,30,30,45,PauliFeatureMap,1,2,full,128,1,COBYLA,50,6,36,52,VQC (RealAmplitudes),0.2889,0.2315,0.195,0.2889,0.0039,403.0849,9.123,412.2118,OK
2026-05-10T22:49:26.656880,102,Iris,30,30,45,PauliFeatureMap,1,2,full,256,1,COBYLA,50,6,36,52,VQC (RealAmplitudes),0.4222,0.3362,0.284,0.4222,0.0039,403.8878,7.8308,411.7225,OK
2026-05-10T22:55:55.751643,103,Iris,30,30,45,PauliFeatureMap,1,2,full,512,1,COBYLA,50,6,36,52,VQC (RealAmplitudes),0.3778,0.3048,0.2567,0.3778,0.0039,379.9373,9.0505,388.9917,OK
2026-05-10T23:02:33.474337,104,Iris,30,30,45,PauliFeatureMap,1,2,full,1024,1,COBYLA,50,6,36,52,VQC (RealAmplitudes),0.4,0.3214,0.27,0.4,0.0039,388.5501,9.0642,397.6182,OK
2026-05-10T23:08:20.659802,105,Iris,30,30,45,PauliFeatureMap,2,1,linear,128,1,COBYLA,50,4,42,58,VQC (RealAmplitudes),0.4222,0.3273,0.2893,0.4222,0.0039,339.4639,7.6143,347.0821,OK
2026-05-10T23:14:49.668792,106,Iris,30,30,45,PauliFeatureMap,2,1,linear,256,1,COBYLA,50,4,42,58,VQC (RealAmplitudes),0.3556,0.2854,0.2444,0.3556,0.004,381.2063,7.6873,388.8976,OK
2026-05-10T23:21:43.786031,107,Iris,30,30,45,PauliFeatureMap,2,1,linear,512,1,COBYLA,50,4,42,58,VQC (RealAmplitudes),0.3556,0.2854,0.2444,0.3556,0.004,406.2336,7.7764,414.014,OK
2026-05-10T23:27:16.497210,108,Iris,30,30,45,PauliFeatureMap,2,1,linear,1024,1,COBYLA,50,4,42,58,VQC (RealAmplitudes),0.4,0.3227,0.2941,0.4,0.004,324.5143,8.0886,332.6069,OK
2026-05-10T23:33:29.426964,109,Iris,30,30,45,PauliFeatureMap,2,1,circular,128,1,COBYLA,50,4,42,58,VQC (RealAmplitudes),0.4,0.3217,0.2759,0.4,0.004,364.9983,7.8221,372.8244,OK
2026-05-10T23:39:07.903052,110,Iris,30,30,45,PauliFeatureMap,2,1,circular,256,1,COBYLA,50,4,42,58,VQC (RealAmplitudes),0.3556,0.2854,0.2444,0.3556,0.0049,330.7067,7.661,338.3726,OK
2026-05-10T23:45:29.876120,111,Iris,30,30,45,PauliFeatureMap,2,1,circular,512,1,COBYLA,50,4,42,58,VQC (RealAmplitudes),0.3778,0.3048,0.2567,0.3778,0.0039,374.0213,7.8443,381.8695,OK
2026-05-10T23:52:24.287608,112,Iris,30,30,45,PauliFeatureMap,2,1,circular,1024,1,COBYLA,50,4,42,58,VQC (RealAmplitudes),0.3333,0.2654,0.2284,0.3333,0.0041,406.4131,7.8897,414.3069,OK
2026-05-10T23:58:12.121530,113,Iris,30,30,45,PauliFeatureMap,2,1,full,128,1,COBYLA,50,4,42,58,VQC (RealAmplitudes),0.4,0.3034,0.2636,0.4,0.004,338.5695,9.1567,347.7302,OK
2026-05-11T00:03:52.140753,114,Iris,30,30,45,PauliFeatureMap,2,1,full,256,1,COBYLA,50,4,42,58,VQC (RealAmplitudes),0.4222,0.3385,0.2826,0.4222,0.004,330.8122,9.0993,339.9155,OK
2026-05-11T00:10:45.598661,115,Iris,30,30,45,PauliFeatureMap,2,1,full,512,1,COBYLA,50,4,42,58,VQC (RealAmplitudes),0.4889,0.3956,0.3797,0.4889,0.0039,405.4326,7.9183,413.3548,OK
2026-05-11T00:16:40.584795,116,Iris,30,30,45,PauliFeatureMap,2,1,full,1024,1,COBYLA,50,4,42,58,VQC (RealAmplitudes),0.3556,0.2881,0.2433,0.3556,0.004,347.025,7.8515,354.8805,OK
2026-05-11T00:23:33.764507,117,Iris,30,30,45,PauliFeatureMap,2,2,linear,128,1,COBYLA,50,6,49,69,VQC (RealAmplitudes),0.3778,0.3034,0.254,0.3778,0.0041,405.0525,8.0193,413.0759,OK
2026-05-11T00:30:29.797602,118,Iris,30,30,45,PauliFeatureMap,2,2,linear,256,1,COBYLA,50,6,49,69,VQC (RealAmplitudes),0.4222,0.3405,0.2901,0.4222,0.0041,407.0347,8.889,415.9278,OK
2026-05-11T00:37:25.710744,119,Iris,30,30,45,PauliFeatureMap,2,2,linear,512,1,COBYLA,50,6,49,69,VQC (RealAmplitudes),0.3111,0.2452,0.2033,0.3111,0.0041,408.0108,7.794,415.8089,OK
2026-05-11T00:44:18.991883,120,Iris,30,30,45,PauliFeatureMap,2,2,linear,1024,1,COBYLA,50,6,49,69,VQC (RealAmplitudes),0.3778,0.3037,0.2667,0.3778,0.0041,405.277,7.8913,413.1724,OK
2026-05-11T00:51:14.306671,121,Iris,30,30,45,PauliFeatureMap,2,2,circular,128,1,COBYLA,50,6,49,69,VQC (RealAmplitudes),0.3333,0.2664,0.2222,0.3333,0.0041,405.9969,9.2098,415.2108,OK
2026-05-11T00:58:05.653458,122,Iris,30,30,45,PauliFeatureMap,2,2,circular,256,1,COBYLA,50,6,49,69,VQC (RealAmplitudes),0.3778,0.3048,0.2567,0.3778,0.0041,403.3566,7.8817,411.2424,OK
2026-05-11T01:05:01.123189,123,Iris,30,30,45,PauliFeatureMap,2,2,circular,512,1,COBYLA,50,6,49,69,VQC (RealAmplitudes),0.3333,0.2667,0.2233,0.3333,0.0042,406.3484,9.013,415.3656,OK
2026-05-11T01:11:56.467990,124,Iris,30,30,45,PauliFeatureMap,2,2,circular,1024,1,COBYLA,50,6,49,69,VQC (RealAmplitudes),0.4222,0.3451,0.3024,0.4222,0.0041,407.19,8.0455,415.2396,OK
2026-05-11T01:18:52.949674,125,Iris,30,30,45,PauliFeatureMap,2,2,full,128,1,COBYLA,50,6,49,69,VQC (RealAmplitudes),0.4444,0.3524,0.2933,0.4444,0.0041,408.4383,7.9334,416.3758,OK
2026-05-11T01:25:48.893965,126,Iris,30,30,45,PauliFeatureMap,2,2,full,256,1,COBYLA,50,6,49,69,VQC (RealAmplitudes),0.3778,0.3024,0.2533,0.3778,0.0041,406.518,9.3151,415.8372,OK
2026-05-11T01:32:44.976257,127,Iris,30,30,45,PauliFeatureMap,2,2,full,512,1,COBYLA,50,6,49,69,VQC (RealAmplitudes),0.4,0.3191,0.2659,0.4,0.0041,406.5311,9.4403,415.9755,OK
2026-05-11T01:39:38.252357,128,Iris,30,30,45,PauliFeatureMap,2,2,full,1024,1,COBYLA,50,6,49,69,VQC (RealAmplitudes),0.4667,0.3638,0.3172,0.4667,0.0041,403.9678,9.1969,413.1688,OK
2026-05-11T01:46:22.459137,129,Iris,60,60,45,ZZFeatureMap,1,1,linear,128,1,COBYLA,50,4,29,41,VQC (RealAmplitudes),0.5111,0.4084,0.3457,0.5111,0.0039,394.9592,9.1351,404.0982,OK
2026-05-11T01:53:17.113072,130,Iris,60,60,45,ZZFeatureMap,1,1,linear,256,1,COBYLA,50,4,29,41,VQC (RealAmplitudes),0.5111,0.4148,0.3667,0.5111,0.0038,405.416,9.1289,414.5487,OK
2026-05-11T01:58:17.874844,131,Iris,60,60,45,ZZFeatureMap,1,1,linear,512,1,COBYLA,50,4,29,41,VQC (RealAmplitudes),0.3778,0.3009,0.2563,0.3778,0.0038,292.8232,7.83,300.657,OK
2026-05-11T02:03:44.365287,132,Iris,60,60,45,ZZFeatureMap,1,1,linear,1024,1,COBYLA,50,4,29,41,VQC (RealAmplitudes),0.5111,0.412,0.3578,0.5111,0.0038,318.5123,7.8698,326.3859,OK
2026-05-11T02:09:03.404733,133,Iris,60,60,45,ZZFeatureMap,1,1,circular,128,1,COBYLA,50,4,29,41,VQC (RealAmplitudes),0.3556,0.2843,0.2407,0.3556,0.0039,310.8285,8.103,318.9354,OK
2026-05-11T02:14:30.573740,134,Iris,60,60,45,ZZFeatureMap,1,1,circular,256,1,COBYLA,50,4,29,41,VQC (RealAmplitudes),0.4,0.3227,0.2941,0.4,0.0039,317.9774,9.0833,327.0646,OK
2026-05-11T02:19:49.437430,135,Iris,60,60,45,ZZFeatureMap,1,1,circular,512,1,COBYLA,50,4,29,41,VQC (RealAmplitudes),0.3778,0.3009,0.2563,0.3778,0.0038,309.7015,9.0525,318.7578,OK
2026-05-11T02:26:16.613676,136,Iris,60,60,45,ZZFeatureMap,1,1,circular,1024,1,COBYLA,50,4,29,41,VQC (RealAmplitudes),0.4667,0.3673,0.3359,0.4667,0.0038,377.7507,9.3177,387.0722,OK
2026-05-11T02:31:35.815637,137,Iris,60,60,45,ZZFeatureMap,1,1,full,128,1,COBYLA,50,4,29,41,VQC (RealAmplitudes),0.3778,0.3024,0.2533,0.3778,0.0039,311.1546,7.9388,319.0973,OK
2026-05-11T02:37:19.770784,138,Iris,60,60,45,ZZFeatureMap,1,1,full,256,1,COBYLA,50,4,29,41,VQC (RealAmplitudes),0.3778,0.3021,0.2608,0.3778,0.0039,334.828,9.0191,343.851,OK
2026-05-11T02:43:38.903961,139,Iris,60,60,45,ZZFeatureMap,1,1,full,512,1,COBYLA,50,4,29,41,VQC (RealAmplitudes),0.5333,0.4307,0.3704,0.5333,0.0039,371.2117,7.8125,379.0281,OK
2026-05-11T02:49:13.721148,140,Iris,60,60,45,ZZFeatureMap,1,1,full,1024,1,COBYLA,50,4,29,41,VQC (RealAmplitudes),0.3778,0.2989,0.2684,0.3778,0.0038,326.9537,7.7552,334.7127,OK
2026-05-11T02:56:20.615356,141,Iris,60,60,45,ZZFeatureMap,1,2,linear,128,1,COBYLA,50,6,36,52,VQC (RealAmplitudes),0.5556,0.4444,0.3889,0.5556,0.004,418.9253,7.8535,426.7828,OK
2026-05-11T03:03:26.900171,142,Iris,60,60,45,ZZFeatureMap,1,2,linear,256,1,COBYLA,50,6,36,52,VQC (RealAmplitudes),0.5333,0.437,0.3889,0.5333,0.0039,418.4006,7.7752,426.1797,OK
2026-05-11T03:10:34.460854,143,Iris,60,60,45,ZZFeatureMap,1,2,linear,512,1,COBYLA,50,6,36,52,VQC (RealAmplitudes),0.4667,0.3778,0.3333,0.4667,0.0039,419.8618,7.5886,427.4543,OK
2026-05-11T03:17:43.053503,144,Iris,60,60,45,ZZFeatureMap,1,2,linear,1024,1,COBYLA,50,6,36,52,VQC (RealAmplitudes),0.4889,0.3987,0.3662,0.4889,0.0039,420.632,7.8526,428.4885,OK
2026-05-11T03:24:50.019862,145,Iris,60,60,45,ZZFeatureMap,1,2,circular,128,1,COBYLA,50,6,36,52,VQC (RealAmplitudes),0.3778,0.3037,0.2667,0.3778,0.0039,419.1665,7.6908,426.8612,OK
2026-05-11T03:31:58.263673,146,Iris,60,60,45,ZZFeatureMap,1,2,circular,256,1,COBYLA,50,6,36,52,VQC (RealAmplitudes),0.5333,0.4271,0.387,0.5333,0.0039,420.3758,7.7563,428.136,OK
2026-05-11T03:39:04.715558,147,Iris,60,60,45,ZZFeatureMap,1,2,circular,512,1,COBYLA,50,6,36,52,VQC (RealAmplitudes),0.4667,0.3808,0.3433,0.4667,0.0039,418.5537,7.7902,426.3478,OK
2026-05-11T03:46:10.843933,148,Iris,60,60,45,ZZFeatureMap,1,2,circular,1024,1,COBYLA,50,6,36,52,VQC (RealAmplitudes),0.5556,0.4473,0.3994,0.5556,0.0039,417.2792,8.7404,426.0235,OK
2026-05-11T03:53:20.061457,149,Iris,60,60,45,ZZFeatureMap,1,2,full,128,1,COBYLA,50,6,36,52,VQC (RealAmplitudes),0.4222,0.3425,0.2955,0.4222,0.004,421.3378,7.7703,429.1121,OK
2026-05-11T04:00:26.289913,150,Iris,60,60,45,ZZFeatureMap,1,2,full,256,1,COBYLA,50,6,36,52,VQC (RealAmplitudes),0.5111,0.4129,0.3766,0.5111,0.0039,418.3859,7.7335,426.1233,OK
2026-05-11T04:07:32.808639,151,Iris,60,60,45,ZZFeatureMap,1,2,full,512,1,COBYLA,50,6,36,52,VQC (RealAmplitudes),0.4444,0.3539,0.3046,0.4444,0.0039,417.3939,9.0107,426.4085,OK
2026-05-11T04:14:40.222394,152,Iris,60,60,45,ZZFeatureMap,1,2,full,1024,1,COBYLA,50,6,36,52,VQC (RealAmplitudes),0.2889,0.2222,0.1889,0.2889,0.0039,418.1901,9.1142,427.3082,OK
2026-05-11T04:19:41.454192,153,Iris,60,60,45,ZZFeatureMap,2,1,linear,128,1,COBYLA,50,4,42,58,VQC (RealAmplitudes),0.4444,0.3527,0.2997,0.4444,0.0039,293.2152,7.9035,301.1226,OK
2026-05-11T04:25:08.076349,154,Iris,60,60,45,ZZFeatureMap,2,1,linear,256,1,COBYLA,50,4,42,58,VQC (RealAmplitudes),0.4444,0.3521,0.2963,0.4444,0.0039,317.4684,9.0401,326.5124,OK
2026-05-11T04:30:51.204731,155,Iris,60,60,45,ZZFeatureMap,2,1,linear,512,1,COBYLA,50,4,42,58,VQC (RealAmplitudes),0.4444,0.3575,0.2996,0.4444,0.004,335.2567,7.7621,343.0228,OK
2026-05-11T04:36:19.329709,156,Iris,60,60,45,ZZFeatureMap,2,1,linear,1024,1,COBYLA,50,4,42,58,VQC (RealAmplitudes),0.4667,0.3735,0.3193,0.4667,0.0039,320.2039,7.8132,328.021,OK
2026-05-11T04:43:27.653987,157,Iris,60,60,45,ZZFeatureMap,2,1,circular,128,1,COBYLA,50,4,42,58,VQC (RealAmplitudes),0.4444,0.3595,0.3033,0.4444,0.004,419.2635,8.9532,428.2207,OK
2026-05-11T04:50:36.191547,158,Iris,60,60,45,ZZFeatureMap,2,1,circular,256,1,COBYLA,50,4,42,58,VQC (RealAmplitudes),0.4222,0.3425,0.2955,0.4222,0.0039,419.4082,9.0199,428.432,OK
2026-05-11T04:55:53.423133,159,Iris,60,60,45,ZZFeatureMap,2,1,circular,512,1,COBYLA,50,4,42,58,VQC (RealAmplitudes),0.3778,0.302,0.2516,0.3778,0.004,308.1823,8.9397,317.126,OK
2026-05-11T05:01:20.125596,160,Iris,60,60,45,ZZFeatureMap,2,1,circular,1024,1,COBYLA,50,4,42,58,VQC (RealAmplitudes),0.4,0.3172,0.2723,0.4,0.004,317.5682,9.0256,326.5978,OK
2026-05-11T05:07:12.399358,161,Iris,60,60,45,ZZFeatureMap,2,1,full,128,1,COBYLA,50,4,42,58,VQC (RealAmplitudes),0.4222,0.3371,0.2806,0.4222,0.004,343.1711,8.993,352.1681,OK
2026-05-11T05:13:45.583231,162,Iris,60,60,45,ZZFeatureMap,2,1,full,256,1,COBYLA,50,4,42,58,VQC (RealAmplitudes),0.4444,0.3561,0.2971,0.4444,0.0039,384.9624,8.1127,393.079,OK
2026-05-11T05:18:39.185118,163,Iris,60,60,45,ZZFeatureMap,2,1,full,512,1,COBYLA,50,4,42,58,VQC (RealAmplitudes),0.4889,0.3891,0.3312,0.4889,0.004,285.7243,7.7682,293.4965,OK
2026-05-11T05:24:05.462195,164,Iris,60,60,45,ZZFeatureMap,2,1,full,1024,1,COBYLA,50,4,42,58,VQC (RealAmplitudes),0.4,0.3214,0.27,0.4,0.004,318.3045,7.8632,326.1717,OK
2026-05-11T05:31:15.431727,165,Iris,60,60,45,ZZFeatureMap,2,2,linear,128,1,COBYLA,50,6,49,69,VQC (RealAmplitudes),0.4444,0.3561,0.2971,0.4444,0.0041,421.9861,7.8724,429.8626,OK
2026-05-11T05:38:23.607297,166,Iris,60,60,45,ZZFeatureMap,2,2,linear,256,1,COBYLA,50,6,49,69,VQC (RealAmplitudes),0.4444,0.3575,0.2996,0.4444,0.0041,420.1398,7.9258,428.0697,OK
2026-05-11T05:45:31.549893,167,Iris,60,60,45,ZZFeatureMap,2,2,linear,512,1,COBYLA,50,6,49,69,VQC (RealAmplitudes),0.4889,0.3907,0.3254,0.4889,0.004,419.9057,7.9225,427.8322,OK
2026-05-11T05:52:45.720547,168,Iris,60,60,45,ZZFeatureMap,2,2,linear,1024,1,COBYLA,50,6,49,69,VQC (RealAmplitudes),0.4667,0.3718,0.3095,0.4667,0.0041,426.1138,7.9469,434.0648,OK
2026-05-11T05:59:56.203310,169,Iris,60,60,45,ZZFeatureMap,2,2,circular,128,1,COBYLA,50,6,49,69,VQC (RealAmplitudes),0.4667,0.3741,0.3123,0.4667,0.0049,422.3979,7.972,430.3748,OK
2026-05-11T06:07:08.243669,170,Iris,60,60,45,ZZFeatureMap,2,2,circular,256,1,COBYLA,50,6,49,69,VQC (RealAmplitudes),0.3778,0.2893,0.2421,0.3778,0.0043,422.9062,9.0233,431.9338,OK
2026-05-11T06:14:18.484598,171,Iris,60,60,45,ZZFeatureMap,2,2,circular,512,1,COBYLA,50,6,49,69,VQC (RealAmplitudes),0.5111,0.4108,0.3468,0.5111,0.0041,422.195,7.9346,430.1337,OK
2026-05-11T06:21:28.537865,172,Iris,60,60,45,ZZFeatureMap,2,2,circular,1024,1,COBYLA,50,6,49,69,VQC (RealAmplitudes),0.4444,0.3474,0.292,0.4444,0.0042,422.1738,7.7692,429.9472,OK
2026-05-11T06:28:38.678247,173,Iris,60,60,45,ZZFeatureMap,2,2,full,128,1,COBYLA,50,6,49,69,VQC (RealAmplitudes),0.4,0.3196,0.2661,0.4,0.0041,420.9715,9.0589,430.0345,OK
2026-05-11T06:35:49.630846,174,Iris,60,60,45,ZZFeatureMap,2,2,full,256,1,COBYLA,50,6,49,69,VQC (RealAmplitudes),0.4444,0.3548,0.2967,0.4444,0.0041,421.8546,8.9859,430.8446,OK
2026-05-11T06:42:58.835932,175,Iris,60,60,45,ZZFeatureMap,2,2,full,512,1,COBYLA,50,6,49,69,VQC (RealAmplitudes),0.4444,0.3521,0.2963,0.4444,0.0041,421.2359,7.8545,429.0945,OK
2026-05-11T06:50:06.873460,176,Iris,60,60,45,ZZFeatureMap,2,2,full,1024,1,COBYLA,50,6,49,69,VQC (RealAmplitudes),0.5778,0.4702,0.4109,0.5778,0.0041,419.1592,8.7673,427.9306,OK
2026-05-11T06:56:46.111596,177,Iris,60,60,45,PauliFeatureMap,1,1,linear,128,1,COBYLA,50,4,29,41,VQC (RealAmplitudes),0.4889,0.3912,0.3293,0.4889,0.0038,390.0477,9.0814,399.1329,OK
2026-05-11T07:02:02.056929,178,Iris,60,60,45,PauliFeatureMap,1,1,linear,256,1,COBYLA,50,4,29,41,VQC (RealAmplitudes),0.3778,0.3009,0.2563,0.3778,0.004,306.8433,8.9906,315.8379,OK
2026-05-11T07:06:52.363242,179,Iris,60,60,45,PauliFeatureMap,1,1,linear,512,1,COBYLA,50,4,29,41,VQC (RealAmplitudes),0.3556,0.2849,0.2381,0.3556,0.0038,282.1408,8.0561,290.2007,OK
2026-05-11T07:13:07.549232,180,Iris,60,60,45,PauliFeatureMap,1,1,linear,1024,1,COBYLA,50,4,29,41,VQC (RealAmplitudes),0.5333,0.4335,0.3786,0.5333,0.0039,367.1647,7.9112,375.0798,OK
2026-05-11T07:18:08.316662,181,Iris,60,60,45,PauliFeatureMap,1,1,circular,128,1,COBYLA,50,4,29,41,VQC (RealAmplitudes),0.3111,0.249,0.2129,0.3111,0.0039,292.8542,7.8034,300.6615,OK
2026-05-11T07:24:09.564801,182,Iris,60,60,45,PauliFeatureMap,1,1,circular,256,1,COBYLA,50,4,29,41,VQC (RealAmplitudes),0.3778,0.3021,0.2608,0.3778,0.0039,353.1413,7.9957,361.1409,OK
2026-05-11T07:29:41.668890,183,Iris,60,60,45,PauliFeatureMap,1,1,circular,512,1,COBYLA,50,4,29,41,VQC (RealAmplitudes),0.4444,0.3642,0.3434,0.4444,0.0039,324.212,7.7821,331.998,OK
2026-05-11T07:36:29.711992,184,Iris,60,60,45,PauliFeatureMap,1,1,circular,1024,1,COBYLA,50,4,29,41,VQC (RealAmplitudes),0.3778,0.3021,0.2608,0.3778,0.0038,398.9034,9.0268,407.934,OK
2026-05-11T07:41:44.329507,185,Iris,60,60,45,PauliFeatureMap,1,1,full,128,1,COBYLA,50,4,29,41,VQC (RealAmplitudes),0.4,0.3205,0.2679,0.4,0.0039,306.5426,7.9653,314.5118,OK
2026-05-11T07:47:33.242775,186,Iris,60,60,45,PauliFeatureMap,1,1,full,256,1,COBYLA,50,4,29,41,VQC (RealAmplitudes),0.5333,0.4262,0.3567,0.5333,0.0039,340.071,8.7324,348.8073,OK
2026-05-11T07:53:19.163271,187,Iris,60,60,45,PauliFeatureMap,1,1,full,512,1,COBYLA,50,4,29,41,VQC (RealAmplitudes),0.3556,0.2805,0.2399,0.3556,0.0039,338.0376,7.7719,345.8134,OK
2026-05-11T08:00:00.383115,188,Iris,60,60,45,PauliFeatureMap,1,1,full,1024,1,COBYLA,50,4,29,41,VQC (RealAmplitudes),0.5333,0.4271,0.3596,0.5333,0.0038,393.0374,8.0734,401.1146,OK
2026-05-11T08:07:07.844332,189,Iris,60,60,45,PauliFeatureMap,1,2,linear,128,1,COBYLA,50,6,36,52,VQC (RealAmplitudes),0.4889,0.3926,0.3444,0.4889,0.0039,419.4862,7.8638,427.3539,OK
2026-05-11T08:14:15.894961,190,Iris,60,60,45,PauliFeatureMap,1,2,linear,256,1,COBYLA,50,6,36,52,VQC (RealAmplitudes),0.4667,0.3738,0.3133,0.4667,0.0039,420.0623,7.8777,427.9439,OK
2026-05-11T08:21:23.032023,191,Iris,60,60,45,PauliFeatureMap,1,2,linear,512,1,COBYLA,50,6,36,52,VQC (RealAmplitudes),0.3556,0.2849,0.2381,0.3556,0.0038,417.9353,9.0833,427.0224,OK
2026-05-11T08:28:29.223085,192,Iris,60,60,45,PauliFeatureMap,1,2,linear,1024,1,COBYLA,50,6,36,52,VQC (RealAmplitudes),0.4222,0.3381,0.2833,0.4222,0.0039,418.3628,7.711,426.0777,OK
2026-05-11T08:35:37.483839,193,Iris,60,60,45,PauliFeatureMap,1,2,circular,128,1,COBYLA,50,6,36,52,VQC (RealAmplitudes),0.5111,0.4099,0.3508,0.5111,0.0038,420.2854,7.8663,428.1555,OK
2026-05-11T08:42:50.265703,194,Iris,60,60,45,PauliFeatureMap,1,2,circular,256,1,COBYLA,50,6,36,52,VQC (RealAmplitudes),0.5333,0.4254,0.3627,0.5333,0.004,424.7384,7.9251,432.6675,OK
2026-05-11T08:50:01.935814,195,Iris,60,60,45,PauliFeatureMap,1,2,circular,512,1,COBYLA,50,6,36,52,VQC (RealAmplitudes),0.5333,0.4243,0.3756,0.5333,0.0039,423.5505,8.0091,431.5635,OK
2026-05-11T08:57:12.941957,196,Iris,60,60,45,PauliFeatureMap,1,2,circular,1024,1,COBYLA,50,6,36,52,VQC (RealAmplitudes),0.3556,0.2836,0.2382,0.3556,0.0039,423.0038,7.8911,430.8988,OK
2026-05-11T09:04:22.890140,197,Iris,60,60,45,PauliFeatureMap,1,2,full,128,1,COBYLA,50,6,36,52,VQC (RealAmplitudes),0.4889,0.3987,0.3662,0.4889,0.0039,421.8082,8.0303,429.8424,OK
2026-05-11T09:11:24.986314,198,Iris,60,60,45,PauliFeatureMap,1,2,full,256,1,COBYLA,50,6,36,52,VQC (RealAmplitudes),0.3556,0.2843,0.2407,0.3556,0.0039,414.1904,7.7899,421.9842,OK
2026-05-11T09:18:35.538455,199,Iris,60,60,45,PauliFeatureMap,1,2,full,512,1,COBYLA,50,6,36,52,VQC (RealAmplitudes),0.4222,0.3387,0.2931,0.4222,0.0041,421.4398,9.0002,430.4441,OK
2026-05-11T09:25:46.161295,200,Iris,60,60,45,PauliFeatureMap,1,2,full,1024,1,COBYLA,50,6,36,52,VQC (RealAmplitudes),0.5111,0.4074,0.3556,0.5111,0.004,421.4025,9.1106,430.5171,OK
2026-05-11T09:31:15.574061,201,Iris,60,60,45,PauliFeatureMap,2,1,linear,128,1,COBYLA,50,4,42,58,VQC (RealAmplitudes),0.4889,0.3929,0.33,0.4889,0.004,320.3023,9.0,329.3063,OK
2026-05-11T09:36:12.708327,202,Iris,60,60,45,PauliFeatureMap,2,1,linear,256,1,COBYLA,50,4,42,58,VQC (RealAmplitudes),0.4444,0.3539,0.3046,0.4444,0.004,287.7837,9.2398,297.0275,OK
2026-05-11T09:43:07.814749,203,Iris,60,60,45,PauliFeatureMap,2,1,linear,512,1,COBYLA,50,4,42,58,VQC (RealAmplitudes),0.4444,0.3595,0.3033,0.4444,0.004,406.9875,8.0085,415.0,OK
2026-05-11T09:49:01.647996,204,Iris,60,60,45,PauliFeatureMap,2,1,linear,1024,1,COBYLA,50,4,42,58,VQC (RealAmplitudes),0.4222,0.3369,0.3045,0.4222,0.004,345.4653,8.2579,353.7272,OK
2026-05-11T09:54:45.878445,205,Iris,60,60,45,PauliFeatureMap,2,1,circular,128,1,COBYLA,50,4,42,58,VQC (RealAmplitudes),0.4667,0.3754,0.3254,0.4667,0.004,334.8583,9.2596,344.1219,OK
2026-05-11T10:01:56.186122,206,Iris,60,60,45,PauliFeatureMap,2,1,circular,256,1,COBYLA,50,4,42,58,VQC (RealAmplitudes),0.4444,0.3575,0.2996,0.4444,0.0039,421.0167,9.1795,430.2001,OK
2026-05-11T10:09:04.921586,207,Iris,60,60,45,PauliFeatureMap,2,1,circular,512,1,COBYLA,50,4,42,58,VQC (RealAmplitudes),0.4889,0.3929,0.33,0.4889,0.0039,420.7633,7.8581,428.6253,OK
2026-05-11T10:14:09.051363,208,Iris,60,60,45,PauliFeatureMap,2,1,circular,1024,1,COBYLA,50,4,42,58,VQC (RealAmplitudes),0.4667,0.3735,0.3193,0.4667,0.004,296.1863,7.8295,304.0198,OK
2026-05-11T10:19:01.694665,209,Iris,60,60,45,PauliFeatureMap,2,1,full,128,1,COBYLA,50,4,42,58,VQC (RealAmplitudes),0.3556,0.2845,0.2372,0.3556,0.004,284.7226,7.809,292.5356,OK
2026-05-11T10:23:55.622568,210,Iris,60,60,45,PauliFeatureMap,2,1,full,256,1,COBYLA,50,4,42,58,VQC (RealAmplitudes),0.4,0.3195,0.2686,0.4,0.004,284.9287,8.8886,293.8213,OK
2026-05-11T10:30:48.574556,211,Iris,60,60,45,PauliFeatureMap,2,1,full,512,1,COBYLA,50,4,42,58,VQC (RealAmplitudes),0.4,0.3201,0.2668,0.4,0.004,404.9113,7.9278,412.8431,OK
2026-05-11T10:37:06.284925,212,Iris,60,60,45,PauliFeatureMap,2,1,full,1024,1,COBYLA,50,4,42,58,VQC (RealAmplitudes),0.4222,0.3362,0.2798,0.4222,0.004,369.6339,7.9641,377.602,OK
2026-05-11T10:44:16.951575,213,Iris,60,60,45,PauliFeatureMap,2,2,linear,128,1,COBYLA,50,6,49,69,VQC (RealAmplitudes),0.3778,0.3048,0.2567,0.3778,0.0042,421.5385,9.0146,430.5573,OK
2026-05-11T10:51:26.021306,214,Iris,60,60,45,PauliFeatureMap,2,2,linear,256,1,COBYLA,50,6,49,69,VQC (RealAmplitudes),0.4667,0.3746,0.3135,0.4667,0.004,421.1916,7.7673,428.9629,OK
2026-05-11T10:58:36.515255,215,Iris,60,60,45,PauliFeatureMap,2,2,linear,512,1,COBYLA,50,6,49,69,VQC (RealAmplitudes),0.4444,0.3608,0.3086,0.4444,0.004,422.5369,7.8447,430.3856,OK
2026-05-11T11:05:48.120790,216,Iris,60,60,45,PauliFeatureMap,2,2,linear,1024,1,COBYLA,50,6,49,69,VQC (RealAmplitudes),0.5111,0.4095,0.3433,0.5111,0.004,422.5182,8.9718,431.494,OK
2026-05-11T11:12:58.983442,217,Iris,60,60,45,PauliFeatureMap,2,2,circular,128,1,COBYLA,50,6,49,69,VQC (RealAmplitudes),0.4222,0.3357,0.2814,0.4222,0.0041,421.5374,9.208,430.7495,OK
2026-05-11T11:20:11.210318,218,Iris,60,60,45,PauliFeatureMap,2,2,circular,256,1,COBYLA,50,6,49,69,VQC (RealAmplitudes),0.4,0.3161,0.2638,0.4,0.004,424.188,7.9193,432.1113,OK
2026-05-11T11:27:21.371874,219,Iris,60,60,45,PauliFeatureMap,2,2,circular,512,1,COBYLA,50,6,49,69,VQC (RealAmplitudes),0.4,0.316,0.2654,0.4,0.0041,421.0991,8.9499,430.0531,OK
2026-05-11T11:34:30.514410,220,Iris,60,60,45,PauliFeatureMap,2,2,circular,1024,1,COBYLA,50,6,49,69,VQC (RealAmplitudes),0.4889,0.3932,0.3294,0.4889,0.004,421.2075,7.819,429.0305,OK
2026-05-11T11:41:41.656387,221,Iris,60,60,45,PauliFeatureMap,2,2,full,128,1,COBYLA,50,6,49,69,VQC (RealAmplitudes),0.4444,0.3561,0.2971,0.4444,0.004,422.8791,8.1484,431.0315,OK
2026-05-11T11:48:52.028643,222,Iris,60,60,45,PauliFeatureMap,2,2,full,256,1,COBYLA,50,6,49,69,VQC (RealAmplitudes),0.4889,0.3879,0.3246,0.4889,0.0043,420.371,9.8858,430.2611,OK
2026-05-11T11:56:07.165613,223,Iris,60,60,45,PauliFeatureMap,2,2,full,512,1,COBYLA,50,6,49,69,VQC (RealAmplitudes),0.4889,0.3912,0.3261,0.4889,0.0041,427.2071,7.8166,435.0278,OK
2026-05-11T12:03:17.747190,224,Iris,60,60,45,PauliFeatureMap,2,2,full,1024,1,COBYLA,50,6,49,69,VQC (RealAmplitudes),0.4667,0.3766,0.321,0.4667,0.0041,422.6324,7.8356,430.4721,OK
2026-05-11T12:09:30.668377,225,Iris,90,90,45,ZZFeatureMap,1,1,linear,128,1,COBYLA,50,4,29,41,VQC (RealAmplitudes),0.4,0.3203,0.2716,0.4,0.0038,365.1622,7.6481,372.8141,OK
2026-05-11T12:15:26.253100,226,Iris,90,90,45,ZZFeatureMap,1,1,linear,256,1,COBYLA,50,4,29,41,VQC (RealAmplitudes),0.3778,0.3009,0.2563,0.3778,0.0038,347.8037,7.6702,355.4777,OK
2026-05-11T12:21:41.619018,227,Iris,90,90,45,ZZFeatureMap,1,1,linear,512,1,COBYLA,50,4,29,41,VQC (RealAmplitudes),0.4444,0.3553,0.2989,0.4444,0.0038,367.4018,7.8548,375.2604,OK
2026-05-11T12:27:47.205797,228,Iris,90,90,45,ZZFeatureMap,1,1,linear,1024,1,COBYLA,50,4,29,41,VQC (RealAmplitudes),0.4667,0.3735,0.3193,0.4667,0.0038,357.6168,7.8582,365.4788,OK
2026-05-11T12:33:55.545159,229,Iris,90,90,45,ZZFeatureMap,1,1,circular,128,1,COBYLA,50,4,29,41,VQC (RealAmplitudes),0.4667,0.3754,0.3254,0.4667,0.0039,360.2067,8.0212,368.2318,OK
2026-05-11T12:39:14.824307,230,Iris,90,90,45,ZZFeatureMap,1,1,circular,256,1,COBYLA,50,4,29,41,VQC (RealAmplitudes),0.4,0.3205,0.2679,0.4,0.0038,310.3436,8.8226,319.17,OK
2026-05-11T12:45:34.890025,231,Iris,90,90,45,ZZFeatureMap,1,1,circular,512,1,COBYLA,50,4,29,41,VQC (RealAmplitudes),0.3556,0.2854,0.2444,0.3556,0.0039,372.1428,7.8116,379.9583,OK
2026-05-11T12:51:47.503807,232,Iris,90,90,45,ZZFeatureMap,1,1,circular,1024,1,COBYLA,50,4,29,41,VQC (RealAmplitudes),0.4,0.3205,0.2679,0.4,0.004,364.5851,7.9182,372.5073,OK
2026-05-11T12:59:12.358263,233,Iris,90,90,45,ZZFeatureMap,1,1,full,128,1,COBYLA,50,4,29,41,VQC (RealAmplitudes),0.4667,0.3749,0.3405,0.4667,0.0039,437.0127,7.7269,444.7435,OK
2026-05-11T13:05:00.968124,234,Iris,90,90,45,ZZFeatureMap,1,1,full,256,1,COBYLA,50,4,29,41,VQC (RealAmplitudes),0.4,0.3214,0.27,0.4,0.0038,340.5434,7.9522,348.4994,OK
2026-05-11T13:12:23.875260,235,Iris,90,90,45,ZZFeatureMap,1,1,full,512,1,COBYLA,50,4,29,41,VQC (RealAmplitudes),0.3556,0.2815,0.2444,0.3556,0.0039,435.0447,7.749,442.7976,OK
2026-05-11T13:18:46.509670,236,Iris,90,90,45,ZZFeatureMap,1,1,full,1024,1,COBYLA,50,4,29,41,VQC (RealAmplitudes),0.4444,0.3556,0.2964,0.4444,0.0038,373.47,9.0532,382.527,OK
2026-05-11T13:26:11.588912,237,Iris,90,90,45,ZZFeatureMap,1,2,linear,128,1,COBYLA,50,6,36,52,VQC (RealAmplitudes),0.5556,0.4487,0.3901,0.5556,0.0039,437.3015,7.665,444.9704,OK
2026-05-11T13:33:41.901696,238,Iris,90,90,45,ZZFeatureMap,1,2,linear,256,1,COBYLA,50,6,36,52,VQC (RealAmplitudes),0.4889,0.3925,0.3333,0.4889,0.0038,442.2637,7.9364,450.2039,OK
2026-05-11T13:41:08.298226,239,Iris,90,90,45,ZZFeatureMap,1,2,linear,512,1,COBYLA,50,6,36,52,VQC (RealAmplitudes),0.3111,0.2437,0.2052,0.3111,0.0039,437.0934,9.1866,446.2839,OK
2026-05-11T13:48:35.862252,240,Iris,90,90,45,ZZFeatureMap,1,2,linear,1024,1,COBYLA,50,6,36,52,VQC (RealAmplitudes),0.5333,0.4329,0.3704,0.5333,0.0039,439.703,7.7462,447.4531,OK
2026-05-11T13:56:05.886672,241,Iris,90,90,45,ZZFeatureMap,1,2,circular,128,1,COBYLA,50,6,36,52,VQC (RealAmplitudes),0.4222,0.3381,0.2833,0.4222,0.0039,440.9774,8.934,449.9153,OK
2026-05-11T14:03:33.496696,242,Iris,90,90,45,ZZFeatureMap,1,2,circular,256,1,COBYLA,50,6,36,52,VQC (RealAmplitudes),0.3778,0.3024,0.2533,0.3778,0.0038,438.5523,8.9462,447.5023,OK
2026-05-11T14:11:00.080666,243,Iris,90,90,45,ZZFeatureMap,1,2,circular,512,1,COBYLA,50,6,36,52,VQC (RealAmplitudes),0.3778,0.3001,0.2531,0.3778,0.004,438.6062,7.8638,446.474,OK
2026-05-11T14:18:26.255324,244,Iris,90,90,45,ZZFeatureMap,1,2,circular,1024,1,COBYLA,50,6,36,52,VQC (RealAmplitudes),0.3778,0.302,0.252,0.3778,0.0039,438.0808,7.9785,446.0632,OK
2026-05-11T14:25:52.202203,245,Iris,90,90,45,ZZFeatureMap,1,2,full,128,1,COBYLA,50,6,36,52,VQC (RealAmplitudes),0.3556,0.2805,0.2399,0.3556,0.004,436.5835,9.2516,445.8391,OK
2026-05-11T14:33:16.837039,246,Iris,90,90,45,ZZFeatureMap,1,2,full,256,1,COBYLA,50,6,36,52,VQC (RealAmplitudes),0.3556,0.2843,0.2407,0.3556,0.0041,436.4176,8.1045,444.5262,OK
2026-05-11T14:40:42.523373,247,Iris,90,90,45,ZZFeatureMap,1,2,full,512,1,COBYLA,50,6,36,52,VQC (RealAmplitudes),0.4667,0.3778,0.3333,0.4667,0.004,437.7536,7.8211,445.5787,OK
2026-05-11T14:48:10.369819,248,Iris,90,90,45,ZZFeatureMap,1,2,full,1024,1,COBYLA,50,6,36,52,VQC (RealAmplitudes),0.3778,0.3032,0.2557,0.3778,0.0039,438.5587,9.1765,447.7391,OK
2026-05-11T14:54:18.546021,249,Iris,90,90,45,ZZFeatureMap,2,1,linear,128,1,COBYLA,50,4,42,58,VQC (RealAmplitudes),0.4667,0.3766,0.321,0.4667,0.0039,360.2165,7.8474,368.0678,OK
2026-05-11T15:00:43.293710,250,Iris,90,90,45,ZZFeatureMap,2,1,linear,256,1,COBYLA,50,4,42,58,VQC (RealAmplitudes),0.4667,0.3738,0.3133,0.4667,0.0039,376.9142,7.7216,384.6397,OK
2026-05-11T15:06:51.352087,251,Iris,90,90,45,ZZFeatureMap,2,1,linear,512,1,COBYLA,50,4,42,58,VQC (RealAmplitudes),0.4444,0.3553,0.2989,0.4444,0.004,360.1403,7.8074,367.9517,OK
2026-05-11T15:13:20.284810,252,Iris,90,90,45,ZZFeatureMap,2,1,linear,1024,1,COBYLA,50,4,42,58,VQC (RealAmplitudes),0.4667,0.3735,0.3193,0.4667,0.004,379.6335,9.1855,388.823,OK
2026-05-11T15:20:48.446987,253,Iris,90,90,45,ZZFeatureMap,2,1,circular,128,1,COBYLA,50,4,42,58,VQC (RealAmplitudes),0.4889,0.3925,0.3333,0.4889,0.004,440.4327,7.6152,448.0519,OK
2026-05-11T15:27:33.646020,254,Iris,90,90,45,ZZFeatureMap,2,1,circular,256,1,COBYLA,50,4,42,58,VQC (RealAmplitudes),0.4444,0.3553,0.2989,0.4444,0.004,397.2944,7.7909,405.0893,OK
2026-05-11T15:34:20.994208,255,Iris,90,90,45,ZZFeatureMap,2,1,circular,512,1,COBYLA,50,4,42,58,VQC (RealAmplitudes),0.4222,0.3376,0.2813,0.4222,0.004,397.9003,9.3313,407.2356,OK
2026-05-11T15:40:30.673123,256,Iris,90,90,45,ZZFeatureMap,2,1,circular,1024,1,COBYLA,50,4,42,58,VQC (RealAmplitudes),0.3778,0.3032,0.2557,0.3778,0.0044,361.8597,7.7042,369.5683,OK
2026-05-11T15:46:33.192973,257,Iris,90,90,45,ZZFeatureMap,2,1,full,128,1,COBYLA,50,4,42,58,VQC (RealAmplitudes),0.4667,0.3732,0.3115,0.4667,0.0039,354.6121,7.7926,362.4086,OK
2026-05-11T15:53:14.290413,258,Iris,90,90,45,ZZFeatureMap,2,1,full,256,1,COBYLA,50,4,42,58,VQC (RealAmplitudes),0.4444,0.3602,0.3139,0.4444,0.0041,392.0546,8.9304,400.9891,OK
2026-05-11T16:00:41.667739,259,Iris,90,90,45,ZZFeatureMap,2,1,full,512,1,COBYLA,50,4,42,58,VQC (RealAmplitudes),0.4667,0.3766,0.321,0.4667,0.004,438.136,9.1204,447.2604,OK
2026-05-11T16:08:06.813575,260,Iris,90,90,45,ZZFeatureMap,2,1,full,1024,1,COBYLA,50,4,42,58,VQC (RealAmplitudes),0.4667,0.3738,0.3133,0.4667,0.004,437.2807,7.7536,445.0383,OK
2026-05-11T16:15:41.229883,261,Iris,90,90,45,ZZFeatureMap,2,2,linear,128,1,COBYLA,50,6,49,69,VQC (RealAmplitudes),0.5556,0.4448,0.3709,0.5556,0.004,445.0451,9.2555,454.3046,OK
2026-05-11T16:23:12.655271,262,Iris,90,90,45,ZZFeatureMap,2,2,linear,256,1,COBYLA,50,6,49,69,VQC (RealAmplitudes),0.4444,0.3547,0.2956,0.4444,0.0041,443.3728,7.9402,451.3171,OK
2026-05-11T16:30:36.730462,263,Iris,90,90,45,ZZFeatureMap,2,2,linear,512,1,COBYLA,50,6,49,69,VQC (RealAmplitudes),0.5111,0.4095,0.3433,0.5111,0.004,436.1702,7.7919,443.9661,OK
2026-05-11T16:38:10.437630,264,Iris,90,90,45,ZZFeatureMap,2,2,linear,1024,1,COBYLA,50,6,49,69,VQC (RealAmplitudes),0.4667,0.3762,0.3167,0.4667,0.0041,445.7135,7.8799,453.5975,OK
2026-05-11T16:45:41.897372,265,Iris,90,90,45,ZZFeatureMap,2,2,circular,128,1,COBYLA,50,6,49,69,VQC (RealAmplitudes),0.4889,0.3917,0.3274,0.4889,0.004,442.4674,8.8786,451.35,OK
2026-05-11T16:53:13.114013,266,Iris,90,90,45,ZZFeatureMap,2,2,circular,256,1,COBYLA,50,6,49,69,VQC (RealAmplitudes),0.4667,0.3778,0.3333,0.4667,0.004,442.0053,9.0983,451.1076,OK
2026-05-11T17:00:42.340202,267,Iris,90,90,45,ZZFeatureMap,2,2,circular,512,1,COBYLA,50,6,49,69,VQC (RealAmplitudes),0.4444,0.3533,0.2937,0.4444,0.004,441.3557,7.7565,449.1162,OK
2026-05-11T17:08:19.116493,268,Iris,90,90,45,ZZFeatureMap,2,2,circular,1024,1,COBYLA,50,6,49,69,VQC (RealAmplitudes),0.4444,0.3587,0.3036,0.4444,0.004,448.6511,8.0045,456.6596,OK
2026-05-11T17:15:54.493085,269,Iris,90,90,45,ZZFeatureMap,2,2,full,128,1,COBYLA,50,6,49,69,VQC (RealAmplitudes),0.4444,0.3521,0.2963,0.4444,0.0041,445.8423,9.4209,455.2673,OK
2026-05-11T17:23:28.995109,270,Iris,90,90,45,ZZFeatureMap,2,2,full,256,1,COBYLA,50,6,49,69,VQC (RealAmplitudes),0.4444,0.3533,0.2937,0.4444,0.0041,446.2376,8.1518,454.3935,OK
2026-05-11T17:31:05.423230,271,Iris,90,90,45,ZZFeatureMap,2,2,full,512,1,COBYLA,50,6,49,69,VQC (RealAmplitudes),0.4444,0.3561,0.2971,0.4444,0.0041,447.0089,9.3028,456.3158,OK
2026-05-11T17:38:38.108451,272,Iris,90,90,45,ZZFeatureMap,2,2,full,1024,1,COBYLA,50,6,49,69,VQC (RealAmplitudes),0.4222,0.3424,0.2908,0.4222,0.0041,444.6741,7.8986,452.5768,OK
2026-05-11T17:44:48.013921,273,Iris,90,90,45,PauliFeatureMap,1,1,linear,128,1,COBYLA,50,4,29,41,VQC (RealAmplitudes),0.4889,0.4,0.3556,0.4889,0.0038,360.6258,9.1672,369.7968,OK
2026-05-11T17:51:45.691869,274,Iris,90,90,45,PauliFeatureMap,1,1,linear,256,1,COBYLA,50,4,29,41,VQC (RealAmplitudes),0.3556,0.2815,0.2444,0.3556,0.0038,409.3257,8.2399,417.5694,OK
